{
  "interactionModel": {
    "languageModel": {
      "invocationName": "meet fit",
      "intents": [
        {
          "name": "AMAZON.FallbackIntent",
          "samples": []
        },
        {
          "name": "AMAZON.CancelIntent",
          "samples": []
        },
        {
          "name": "AMAZON.HelpIntent",
          "samples": []
        },
        {
          "name": "AMAZON.StopIntent",
          "samples": []
        },
        {
          "name": "FactIntent",
          "slots": [],
          "samples": [
            "tell me a fact",
            "tell me recent airplane fact",
            "tell me new airplane fact",
            "airplane fact please",
            "i want to hear airplane fact",
            "i want to hear an airplane fact",
            "give airplane fact",
            "give me airplane fact",
            "tell me airplane fact",
            "read me an airplane fact",
            "read airplane fact",
            "tell me an airplane fact",
            "airplane fact",
            "fact"
          ]
        },
        {
          "name": "AMAZON.MoreIntent",
          "samples": []
        },
        {
          "name": "AMAZON.NavigateHomeIntent",
          "samples": []
        },
        {
          "name": "AMAZON.NavigateSettingsIntent",
          "samples": []
        },
        {
          "name": "AMAZON.NextIntent",
          "samples": []
        },
        {
          "name": "AMAZON.PageUpIntent",
          "samples": []
        },
        {
          "name": "AMAZON.PageDownIntent",
          "samples": []
        },
        {
          "name": "AMAZON.PreviousIntent",
          "samples": []
        },
        {
          "name": "AMAZON.ScrollRightIntent",
          "samples": []
        },
        {
          "name": "AMAZON.ScrollDownIntent",
          "samples": []
        },
        {
          "name": "AMAZON.ScrollLeftIntent",
          "samples": []
        },
        {
          "name": "AMAZON.ScrollUpIntent",
          "samples": []
        },
        {
          "name": "AMAZON.YesIntent",
          "samples": []
        },
        {
          "name": "AMAZON.NoIntent",
          "samples": []
        },
        {
          "name": "CreateTeamIntent",
          "slots": [
            {
              "name": "TeamName",
              "type": "AMAZON.FirstName",
              "samples": [
                "It's {TeamName}",
                "It is {TeamName}",
                "{TeamName}"
              ]
            },
            {
              "name": "EmailPrefix",
              "type": "AMAZON.FirstName",
              "samples": [
                "{EmailPrefix}"
              ]
            },
            {
              "name": "EmailHost",
              "type": "AMAZON.FirstName",
              "samples": [
                "{EmailHost}"
              ]
            }
          ],
          "samples": [
            "Create a new team with name {TeamName} and Email {EmailPrefix} at the rate {EmailHost}",
            "Create a new team with name {TeamName} and Email {EmailPrefix} at {EmailHost}",
            "Create a new team with name {TeamName} with Email Prefix {EmailPrefix} and host {EmailHost}",
            "Create a new team with name {TeamName}",
            "Create a team named {TeamName}",
            "Create a new team named {TeamName}",
            "Create a new team",
            "Create team"
          ]
        },
        {
          "name": "StartMeetingIntent",
          "slots": [
            {
              "name": "Type",
              "type": "AMAZON.FirstName"
            },
            {
              "name": "TeamName",
              "type": "AMAZON.FirstName",
              "samples": [
                "{TeamName}"
              ]
            }
          ],
          "samples": [
            "Start new {Type} meeting for {TeamName}",
            "Start new meeting of type {Type} for team {TeamName}",
            "Start new meeting of type {Type}",
            "Start a new meeting of type {Type}",
            "Start a new {Type} meeting",
            "Start meeting. Its a {Type} meeting",
            "Start {Type} meeting",
            "Start meeting",
            "Start new Meeting"
          ]
        },
        {
          "name": "NotifyVenueAndTimeChangeIntent",
          "slots": [
            {
              "name": "Venue",
              "type": "AMAZON.StreetAddress"
            },
            {
              "name": "Time",
              "type": "AMAZON.TIME"
            }
          ],
          "samples": [
            "Please be informed that the meeting is resheduled to {Time}",
            "Please inform everyone that the meeting is resheduled to {Time}",
            "Please be informed that the venue is changed to {Venue}",
            "Please inform everyone about the change in venue to {Venue}",
            "Please inform everyone that the venue is changed to {Venue}"
          ]
        },
        {
          "name": "RecapLastMeetingIntent",
          "slots": [],
          "samples": [
            "Read notes from last meeting",
            "Read notes from the last meeting",
            "Read last meeting notes"
          ]
        },
        {
          "name": "AddIntent",
          "slots": [
            {
              "name": "NoteName",
              "type": "NoteType"
            },
            {
              "name": "PersonName",
              "type": "AMAZON.FirstName"
            },
            {
              "name": "SubjectName",
              "type": "AMAZON.StreetAddress"
            }
          ],
          "samples": [
            "Add {NoteName} on person {PersonName} about {SubjectName}",
            "Add {NoteName} on person {PersonName} "
          ]
        },
        {
          "name": "EndMeetingIntent",
          "slots": [],
          "samples": [
            "Close Meeting",
            "End the meeting",
            "End meeting"
          ]
        }
      ],
      "types": [
        {
          "name": "NoteType",
          "values": [
            {
              "name": {
                "value": "Backlog"
              }
            },
            {
              "name": {
                "value": "Blocker"
              }
            },
            {
              "name": {
                "value": "F.Y.I"
              }
            },
            {
              "name": {
                "value": "Note"
              }
            },
            {
              "name": {
                "value": "Action Item",
                "synonyms": [
                  "A.I"
                ]
              }
            }
          ]
        }
      ]
    },
    "dialog": {
      "intents": [
        {
          "name": "CreateTeamIntent",
          "confirmationRequired": false,
          "prompts": {},
          "slots": [
            {
              "name": "TeamName",
              "type": "AMAZON.FirstName",
              "confirmationRequired": false,
              "elicitationRequired": true,
              "prompts": {
                "elicitation": "Elicit.Slot.1149308243316.888330403220"
              }
            },
            {
              "name": "EmailPrefix",
              "type": "AMAZON.FirstName",
              "confirmationRequired": false,
              "elicitationRequired": true,
              "prompts": {
                "elicitation": "Elicit.Slot.231119099008.1189746257385"
              }
            },
            {
              "name": "EmailHost",
              "type": "AMAZON.FirstName",
              "confirmationRequired": false,
              "elicitationRequired": true,
              "prompts": {
                "elicitation": "Elicit.Slot.231119099008.1460571818072"
              }
            }
          ]
        },
        {
          "name": "StartMeetingIntent",
          "confirmationRequired": false,
          "prompts": {},
          "slots": [
            {
              "name": "Type",
              "type": "AMAZON.FirstName",
              "confirmationRequired": false,
              "elicitationRequired": false,
              "prompts": {}
            },
            {
              "name": "TeamName",
              "type": "AMAZON.FirstName",
              "confirmationRequired": false,
              "elicitationRequired": true,
              "prompts": {
                "elicitation": "Elicit.Slot.1094170872996.899864516167"
              }
            }
          ]
        }
      ],
      "delegationStrategy": "ALWAYS"
    },
    "prompts": [
      {
        "id": "Elicit.Slot.1149308243316.888330403220",
        "variations": [
          {
            "type": "PlainText",
            "value": "What is the team name ?"
          }
        ]
      },
      {
        "id": "Elicit.Slot.231119099008.1460571818072",
        "variations": [
          {
            "type": "PlainText",
            "value": "What is the email host?"
          }
        ]
      },
      {
        "id": "Elicit.Slot.231119099008.1189746257385",
        "variations": [
          {
            "type": "PlainText",
            "value": "What is the email prefix?"
          }
        ]
      },
      {
        "id": "Elicit.Slot.1094170872996.899864516167",
        "variations": [
          {
            "type": "PlainText",
            "value": "What is the team name ?"
          }
        ]
      }
    ]
  }
}