{
  "manifest": {
    "publishingInformation": {
      "locales": {
        "en-US": {
          "summary": "Learn about airplanes",
          "examplePhrases": [
            "Alexa, open Airplane Facts"
          ],
          "keywords": [],
          "name": "Airplane Facts",
          "description": "Learn about airplanes"
        }
      },
      "isAvailableWorldwide": true,
      "category": "KNOWLEDGE_AND_TRIVIA",
      "distributionMode": "PUBLIC",
      "distributionCountries": []
    },
    "apis": {
      "custom": {
        "endpoint": {
          "sourceDir": "lambda/custom"
        }
      }
    },
    "manifestVersion": "1.0"
  }
}
